epoch,step,train_loss
0,49,-0.0003745748254004866
0,99,-0.0007559932419098914
