epoch,step,train_loss,val_loss
0,49,-0.0003745748254004866,
0,99,-0.0007559932419098914,
0,117,,-0.0009090476087294519
1,149,-0.0011662350734695792,
1,199,-0.001558678108267486,
1,235,,-0.001818086369894445
2,249,-0.0018892758525907993,
2,299,-0.002339636906981468,
2,349,-0.0026871596928685904,
